feature,target,cor,n
petroleo_brent,target_5d,0.013083394258438344,3916
petroleo_wti,target_5d,-0.0020906042359745977,3947
dxy,target_5d,-0.02269584355542656,3948
ewz,target_5d,0.04282436810516463,3947
ouro,target_5d,-0.037729607625597926,3946
cobre,target_5d,-0.03338704044298793,3947
usd_brl,target_5d,-0.053391048163670775,3577
ibovespa,target_5d,-0.022792070370339604,3998
sp500,target_5d,-0.03293876467622437,3947
nasdaq,target_5d,-0.034096243641113036,3947
vix,target_5d,0.00795722429383702,3947
core_cpi_us,target_5d,0.04198697662374336,114
cpi_us,target_5d,0.05673424588602114,114
desemprego_us,target_5d,-0.10480798673770401,114
dxy_fred,target_5d,-0.03502722878351707,3893
fed_funds,target_5d,0.06042765350210699,115
pce_us,target_5d,0.05916945804889056,115
sofr,target_5d,-0.020704255267922144,1916
treasury_10y,target_5d,-0.03724507194166093,3921
treasury_2y,target_5d,-0.026323120389972716,3921
vix_fred,target_5d,0.008061987051560325,3973
cdi_diario,target_5d,-0.03431936483800215,3519
fluxo_cambial,target_5d,0.15638133166061827,100
reservas_intl,target_5d,0.06443988589234495,3519
selic_diaria,target_5d,-0.03396526146570765,3519
selic_meta,target_5d,-0.034772949942612534,3519
ipca_acum12m,target_5d,-0.03970149710655982,4032
ipca_mensal,target_5d,0.012115540342458441,4032
focus_cambio,target_5d,-0.0522630185592588,4052
focus_ipca,target_5d,0.0031999131732103458,4052
focus_pib_total,target_5d,-0.009866192990108264,4052
focus_selic,target_5d,-0.052682497991618546,4052
ipca_variacao_mensal,target_5d,0.024249403590173847,4032
ipca_variacao_acumulada_no_ano,target_5d,0.014286499394028462,4032
ipca_variacao_acumulada_em_3_meses,target_5d,-0.019076379835941338,4032
ipca_variacao_acumulada_em_6_meses,target_5d,-0.03419115737242937,4032
ipca_variacao_acumulada_em_12_meses,target_5d,-0.019153882612162346,4032
balanca_comercial_bcb,target_5d,-0.042302477013892434,3528
dbgg_pib,target_5d,-0.04932744020813535,3528
desemprego_br,target_5d,-0.01999065954897138,3509
ibc_br,target_5d,-0.054810952176426425,3528
resultado_nominal,target_5d,-0.005205082662875458,3528
resultado_primario,target_5d,0.01726447467187866,3528
desemprego_pnad_trimestral,target_5d,-0.01999065954897138,3509
pim_geral,target_5d,0.04100506958788872,4032
breakeven_10y,target_5d,-0.022005586665411008,3921
breakeven_5y,target_5d,-0.0447019444048405,3921
us_hy_spread,target_5d,-0.09886675585707937,663
consumer_sentiment_us,target_5d,0.05529294672261828,4032
minerio_ferro,target_5d,-0.03011975155048126,4032
soja,target_5d,-0.0274492386024464,4032
petroleo_brent,target_30d,0.04895884921483722,3916
petroleo_wti,target_30d,0.025833204257920437,3947
dxy,target_30d,-0.055414009817663486,3948
ewz,target_30d,0.12721079753426562,3947
ouro,target_30d,-0.08581725764542207,3946
cobre,target_30d,-0.08678658553795592,3947
usd_brl,target_30d,-0.11707033311049884,3577
ibovespa,target_30d,-0.03130929095104538,3998
sp500,target_30d,-0.07293551974363349,3947
nasdaq,target_30d,-0.0792315541622025,3947
vix,target_30d,-0.017579317184696165,3947
core_cpi_us,target_30d,0.019553300914865707,114
cpi_us,target_30d,0.03472813545735335,114
desemprego_us,target_30d,0.025985562442244602,114
dxy_fred,target_30d,-0.0903123453776817,3893
fed_funds,target_30d,2.0292641805247895e-4,115
pce_us,target_30d,0.024903328642585324,115
sofr,target_30d,-0.026853329735870353,1916
treasury_10y,target_30d,-0.08857165750246347,3921
treasury_2y,target_30d,-0.057615659250068604,3921
vix_fred,target_30d,-0.01734033753637905,3973
cdi_diario,target_30d,-0.0875479307141443,3519
fluxo_cambial,target_30d,0.08877341789108346,100
reservas_intl,target_30d,0.16708457291867718,3519
selic_diaria,target_30d,-0.08662680691871359,3519
selic_meta,target_30d,-0.08841084834747841,3519
ipca_acum12m,target_30d,-0.1000397733360619,4032
ipca_mensal,target_30d,0.047183313416319844,4032
focus_cambio,target_30d,-0.11890948433335347,4052
focus_ipca,target_30d,-0.04411795286578015,4052
focus_pib_total,target_30d,-0.005049075418298435,4052
focus_selic,target_30d,-0.13867791843444963,4052
ipca_variacao_mensal,target_30d,0.0657958781446212,4032
ipca_variacao_acumulada_no_ano,target_30d,-0.021258746598728135,4032
ipca_variacao_acumulada_em_3_meses,target_30d,-0.07632693926829115,4032
ipca_variacao_acumulada_em_6_meses,target_30d,-0.06674721932334106,4032
ipca_variacao_acumulada_em_12_meses,target_30d,-0.0551980555863536,4032
balanca_comercial_bcb,target_30d,-0.10295879332585044,3528
dbgg_pib,target_30d,-0.12557072020932974,3528
desemprego_br,target_30d,-0.03386966777184061,3509
ibc_br,target_30d,-0.1336865550214297,3528
resultado_nominal,target_30d,-0.026526337849961754,3528
resultado_primario,target_30d,-0.013559399980514999,3528
desemprego_pnad_trimestral,target_30d,-0.03386966777184061,3509
pim_geral,target_30d,0.13248519739133038,4032
breakeven_10y,target_30d,-0.04727822718211625,3921
breakeven_5y,target_30d,-0.09288929094110311,3921
us_hy_spread,target_30d,-0.03534169667453215,663
consumer_sentiment_us,target_30d,0.1527301566632588,4032
minerio_ferro,target_30d,-0.05136967001155047,4032
soja,target_30d,-0.04728934736434656,4032
petroleo_brent,target_90d,0.14603015404381267,3916
petroleo_wti,target_90d,0.1170926573799711,3947
dxy,target_90d,-0.1255559157738264,3948
ewz,target_90d,0.21907940888211017,3947
ouro,target_90d,-0.17572077193153882,3946
cobre,target_90d,-0.12746016461175164,3947
usd_brl,target_90d,-0.22317554177636423,3577
ibovespa,target_90d,-0.0786594537724022,3998
sp500,target_90d,-0.15018553965396597,3947
nasdaq,target_90d,-0.1698959071066991,3947
vix,target_90d,-0.16469460208908288,3947
core_cpi_us,target_90d,-0.11643347480675131,114
cpi_us,target_90d,-0.09632172306497044,114
desemprego_us,target_90d,0.023551929310931412,114
dxy_fred,target_90d,-0.1771779864563605,3893
fed_funds,target_90d,-0.03928704791582282,115
pce_us,target_90d,-0.10614096575558515,115
sofr,target_90d,-0.027766657661741825,1916
treasury_10y,target_90d,-0.12934706823945202,3921
treasury_2y,target_90d,-0.09977901281087198,3921
vix_fred,target_90d,-0.16430993905757227,3973
cdi_diario,target_90d,-0.13853626691350684,3519
fluxo_cambial,target_90d,0.1717605142659795,100
reservas_intl,target_90d,0.24532464131628687,3519
selic_diaria,target_90d,-0.13630543164739514,3519
selic_meta,target_90d,-0.1398511760612931,3519
ipca_acum12m,target_90d,-0.19591489017266328,4032
ipca_mensal,target_90d,-0.0920226050724402,4032
focus_cambio,target_90d,-0.22177379005550246,4052
focus_ipca,target_90d,-0.16395664325043457,4052
focus_pib_total,target_90d,0.004007766327951776,4052
focus_selic,target_90d,-0.2435607489743871,4052
ipca_variacao_mensal,target_90d,-0.04647154582568399,4032
ipca_variacao_acumulada_no_ano,target_90d,-0.16796950928035914,4032
ipca_variacao_acumulada_em_3_meses,target_90d,-0.1413302483665984,4032
ipca_variacao_acumulada_em_6_meses,target_90d,-0.08176187526109635,4032
ipca_variacao_acumulada_em_12_meses,target_90d,-0.1429587233278268,4032
balanca_comercial_bcb,target_90d,-0.1841279733779901,3528
dbgg_pib,target_90d,-0.21351293074176295,3528
desemprego_br,target_90d,-0.030343703353351608,3509
ibc_br,target_90d,-0.23597481777253435,3528
resultado_nominal,target_90d,-0.0841213309242033,3528
resultado_primario,target_90d,-0.00476558487969495,3528
desemprego_pnad_trimestral,target_90d,-0.030343703353351608,3509
pim_geral,target_90d,0.15258469435831634,4032
breakeven_10y,target_90d,-0.05145535469669959,3921
breakeven_5y,target_90d,-0.12120401311670767,3921
us_hy_spread,target_90d,0.19517488184465306,663
consumer_sentiment_us,target_90d,0.2789279290652583,4032
minerio_ferro,target_90d,-0.050376420135368485,4032
soja,target_90d,-0.043883772125327104,4032
